{
"id": "DATANODE_predictions_8907f26c-9f53-42a3-be3a-8e81dd2a3049",
"config_id": "predictions",
"scope": "<Scope.PIPELINE: 1>",
"storage_type": "pickle",
"name": "DATANODE_predictions_8907f26c-9f53-42a3-be3a-8e81dd2a3049",
"parent_id": "PIPELINE_LinearRegression_8aac6224-8147-470f-920f-3ed8002cdb28",
"last_edit_date": "2022-11-02T16:55:02.830321",
"job_ids": [
"JOB_task_forecast_linear_b77ca0de-0aa3-4675-a937-44421140fda7",
"JOB_task_forecast_linear_1ede86e8-b374-4084-a6af-0c6330caa7f0",
"JOB_task_forecast_linear_bad1b86e-a057-4807-8f70-77fc96303252"
],
"cacheable": false,
"validity_days": null,
"validity_seconds": null,
"edit_in_progress": false,
"data_node_properties": {
"is_generated": true
}
}