{
"id": "DATANODE_model_6fe6aa36-ccf3-450d-83e5-0b77ba0d4d7a",
"config_id": "model",
"scope": "<Scope.PIPELINE: 1>",
"storage_type": "pickle",
"name": "DATANODE_model_6fe6aa36-ccf3-450d-83e5-0b77ba0d4d7a",
"parent_id": "PIPELINE_LinearRegression_787a840a-f7f6-42ee-a394-10624b64fc87",
"last_edit_date": "2022-11-02T16:55:22.555498",
"job_ids": [
"JOB_task_train_linear_991abbec-91ee-4a8a-aa18-c497857fc6a4"
],
"cacheable": true,
"validity_days": 5,
"validity_seconds": 0,
"edit_in_progress": false,
"data_node_properties": {
"is_generated": true
}
}