{
"id": "DATANODE_predictions_c8479444-344e-4494-bf91-e0b0ac7c89a1",
"config_id": "predictions",
"scope": "<Scope.PIPELINE: 1>",
"storage_type": "pickle",
"name": "DATANODE_predictions_c8479444-344e-4494-bf91-e0b0ac7c89a1",
"parent_id": "PIPELINE_ARIMA_7ff64730-422a-44fb-9494-195f4794bfa8",
"last_edit_date": "2022-11-29T15:21:54.489912",
"job_ids": [
"JOB_task_forecast_b572e137-ef8c-417c-85fc-388331ec6251",
"JOB_task_forecast_03d19691-b8ce-40d0-8e5e-7ace8a951991",
"JOB_task_forecast_76b651b5-ba4c-469c-8502-e8172368355f"
],
"cacheable": false,
"validity_days": null,
"validity_seconds": null,
"edit_in_progress": false,
"data_node_properties": {
"is_generated": true
}
}