{
"id": "DATANODE_predictions_1779eec8-1728-4501-8934-ed2c9b3c2441",
"config_id": "predictions",
"scope": "<Scope.PIPELINE: 1>",
"storage_type": "pickle",
"name": "DATANODE_predictions_1779eec8-1728-4501-8934-ed2c9b3c2441",
"parent_id": "PIPELINE_ARIMA_6b0194b8-6111-45d8-bfe9-490091cfaa5b",
"last_edit_date": "2022-11-02T16:55:22.098487",
"job_ids": [
"JOB_task_forecast_1ec63a15-325f-4ae1-9315-47455463fa73"
],
"cacheable": false,
"validity_days": null,
"validity_seconds": null,
"edit_in_progress": false,
"data_node_properties": {
"is_generated": true
}
}