{
"id": "DATANODE_result_f53da146-8206-4a3e-a609-2aec19aae85f",
"config_id": "result",
"scope": "<Scope.PIPELINE: 1>",
"storage_type": "pickle",
"name": "DATANODE_result_f53da146-8206-4a3e-a609-2aec19aae85f",
"parent_id": "PIPELINE_LinearRegression_ef38d5c7-dfa0-42a4-8e65-d090c23e8d5e",
"last_edit_date": "2022-11-29T15:21:55.438793",
"job_ids": [
"JOB_task_result_9cd43728-c192-4b20-912c-fb0325d53a90",
"JOB_task_result_02ca0a4a-43e7-4aa1-9ab7-6d5121f05929",
"JOB_task_result_ea6b474a-28e5-4aeb-b359-71fb7d7e41f1"
],
"cacheable": false,
"validity_days": null,
"validity_seconds": null,
"edit_in_progress": false,
"data_node_properties": {
"is_generated": true
}
}