{
"id": "DATANODE_country_798d0e05-15d1-454e-94e5-9a28968a607e",
"config_id": "country",
"scope": "<Scope.SCENARIO: 2>",
"storage_type": "pickle",
"name": "DATANODE_country_798d0e05-15d1-454e-94e5-9a28968a607e",
"parent_id": "SCENARIO_scenario_c15f6a8c-99f8-4b21-88b0-855789ae806c",
"last_edit_date": "2022-11-29T15:21:55.549796",
"job_ids": [],
"cacheable": true,
"validity_days": 5,
"validity_seconds": 0,
"edit_in_progress": false,
"data_node_properties": {
"is_generated": true
}
}