{
"id": "DATANODE_country_c9828e17-9ac9-4136-929c-2d367c96f692",
"config_id": "country",
"scope": "<Scope.SCENARIO: 2>",
"storage_type": "pickle",
"name": "DATANODE_country_c9828e17-9ac9-4136-929c-2d367c96f692",
"parent_id": "SCENARIO_scenario_c8552ec1-4919-4187-9d4c-cc2c4a6d0e6d",
"last_edit_date": "2022-11-02T16:55:11.792663",
"job_ids": [],
"cacheable": true,
"validity_days": 5,
"validity_seconds": 0,
"edit_in_progress": false,
"data_node_properties": {
"is_generated": true
}
}