{
"id": "DATANODE_model_afeec6c8-7c6a-49c2-a347-3fb041186ade",
"config_id": "model",
"scope": "<Scope.PIPELINE: 1>",
"storage_type": "pickle",
"name": "DATANODE_model_afeec6c8-7c6a-49c2-a347-3fb041186ade",
"parent_id": "PIPELINE_LinearRegression_ebfeb41f-5e98-4c0a-8473-a8105334f393",
"last_edit_date": "2022-11-29T15:46:57.838508",
"job_ids": [
"JOB_task_train_linear_ef442d25-3d87-4ac0-9995-345b63d9e51d",
"JOB_task_train_linear_edfca0b7-2e75-4bee-bfe4-ee6a434ac665"
],
"cacheable": true,
"validity_days": 5,
"validity_seconds": 0,
"edit_in_progress": false,
"data_node_properties": {
"is_generated": true
}
}