{
"id": "DATANODE_country_545c45e6-5102-4499-862b-daf930c8498b",
"config_id": "country",
"scope": "<Scope.SCENARIO: 2>",
"storage_type": "pickle",
"name": "DATANODE_country_545c45e6-5102-4499-862b-daf930c8498b",
"parent_id": "SCENARIO_scenario_7cdddafc-ba58-4548-bde4-d578c393d0dc",
"last_edit_date": "2022-11-02T16:54:59.659082",
"job_ids": [],
"cacheable": true,
"validity_days": 5,
"validity_seconds": 0,
"edit_in_progress": false,
"data_node_properties": {
"is_generated": true
}
}