{
"id": "DATANODE_result_8d22a334-790d-4852-9c25-043ab53d07e5",
"config_id": "result",
"scope": "<Scope.PIPELINE: 1>",
"storage_type": "pickle",
"name": "DATANODE_result_8d22a334-790d-4852-9c25-043ab53d07e5",
"parent_id": "PIPELINE_LinearRegression_28c00a13-20bb-490c-8549-ec13621de08a",
"last_edit_date": "2022-11-02T16:58:40.373199",
"job_ids": [
"JOB_task_result_10a9ac70-873a-4a49-bcc3-d06f8f78273c"
],
"cacheable": false,
"validity_days": null,
"validity_seconds": null,
"edit_in_progress": false,
"data_node_properties": {
"is_generated": true
}
}