{
"id": "DATANODE_country_4f84f3db-583e-4328-b752-400748f9ea6d",
"config_id": "country",
"scope": "<Scope.SCENARIO: 2>",
"storage_type": "pickle",
"name": "DATANODE_country_4f84f3db-583e-4328-b752-400748f9ea6d",
"parent_id": "SCENARIO_scenario_292a6503-2912-4500-b4f0-7e5b5f718a33",
"last_edit_date": "2022-11-02T16:58:33.906170",
"job_ids": [],
"cacheable": true,
"validity_days": 5,
"validity_seconds": 0,
"edit_in_progress": false,
"data_node_properties": {
"is_generated": true
}
}