{
"id": "DATANODE_model_4e75f2cd-59dc-4473-bb41-b48114367560",
"config_id": "model",
"scope": "<Scope.PIPELINE: 1>",
"storage_type": "pickle",
"name": "DATANODE_model_4e75f2cd-59dc-4473-bb41-b48114367560",
"parent_id": "PIPELINE_LinearRegression_28c00a13-20bb-490c-8549-ec13621de08a",
"last_edit_date": "2022-11-02T16:58:40.074484",
"job_ids": [
"JOB_task_train_linear_6fb409d2-5e1c-4655-9bcb-eb4a60d96aaa"
],
"cacheable": true,
"validity_days": 5,
"validity_seconds": 0,
"edit_in_progress": false,
"data_node_properties": {
"is_generated": true
}
}