{
"id": "DATANODE_model_a00e57b0-cc17-413d-891f-45c3f1c896b5",
"config_id": "model",
"scope": "<Scope.PIPELINE: 1>",
"storage_type": "pickle",
"name": "DATANODE_model_a00e57b0-cc17-413d-891f-45c3f1c896b5",
"parent_id": "PIPELINE_ARIMA_1cf8c901-c11d-416c-bc9d-7eaef0aa6f40",
"last_edit_date": "2022-11-02T16:55:02.137368",
"job_ids": [
"JOB_task_train_a317e9f2-412b-4b15-bd11-64a8624c84d6",
"JOB_task_train_f870d627-408d-4ce6-acc8-2ea77034f6a1"
],
"cacheable": true,
"validity_days": 5,
"validity_seconds": 0,
"edit_in_progress": false,
"data_node_properties": {
"is_generated": true
}
}