{
"id": "DATANODE_predictions_0d63afcd-5d9a-4653-bacc-1c06a6da377c",
"config_id": "predictions",
"scope": "<Scope.PIPELINE: 1>",
"storage_type": "pickle",
"name": "DATANODE_predictions_0d63afcd-5d9a-4653-bacc-1c06a6da377c",
"parent_id": "PIPELINE_ARIMA_50188a08-bb93-4c98-830c-f1bc2745e6f3",
"last_edit_date": "2022-11-02T16:58:39.563002",
"job_ids": [
"JOB_task_forecast_b8071777-7b70-4493-877e-03c9166a7516"
],
"cacheable": false,
"validity_days": null,
"validity_seconds": null,
"edit_in_progress": false,
"data_node_properties": {
"is_generated": true
}
}