{
"id": "DATANODE_model_daa218c5-37ff-40d2-a28a-8f99b459f03a",
"config_id": "model",
"scope": "<Scope.PIPELINE: 1>",
"storage_type": "pickle",
"name": "DATANODE_model_daa218c5-37ff-40d2-a28a-8f99b459f03a",
"parent_id": "PIPELINE_LinearRegression_ef38d5c7-dfa0-42a4-8e65-d090c23e8d5e",
"last_edit_date": "2022-11-29T15:21:55.027002",
"job_ids": [
"JOB_task_train_linear_29940bb6-44e4-4226-8665-0967cbe7f6ce",
"JOB_task_train_linear_ae4cc0ff-f869-47f3-8de4-b8d696cdbe5a"
],
"cacheable": true,
"validity_days": 5,
"validity_seconds": 0,
"edit_in_progress": false,
"data_node_properties": {
"is_generated": true
}
}