{
"id": "DATANODE_predictions_6f820415-ae77-4259-a3d1-f4a406247e89",
"config_id": "predictions",
"scope": "<Scope.PIPELINE: 1>",
"storage_type": "pickle",
"name": "DATANODE_predictions_6f820415-ae77-4259-a3d1-f4a406247e89",
"parent_id": "PIPELINE_ARIMA_1cf8c901-c11d-416c-bc9d-7eaef0aa6f40",
"last_edit_date": "2022-11-02T16:55:02.276315",
"job_ids": [
"JOB_task_forecast_94f59852-706f-4334-867f-0a2ddf635578",
"JOB_task_forecast_e7d608c9-2b75-474f-8733-d7fc5b089bf6",
"JOB_task_forecast_745bd257-6852-40b1-b3b4-6eff819a5140"
],
"cacheable": false,
"validity_days": null,
"validity_seconds": null,
"edit_in_progress": false,
"data_node_properties": {
"is_generated": true
}
}