{
"id": "DATANODE_model_90aa9877-55ae-45bf-aea7-4224532db501",
"config_id": "model",
"scope": "<Scope.PIPELINE: 1>",
"storage_type": "pickle",
"name": "DATANODE_model_90aa9877-55ae-45bf-aea7-4224532db501",
"parent_id": "PIPELINE_LinearRegression_9995d5d9-b8e6-4c4d-9f46-03d6881b8d09",
"last_edit_date": "2022-11-29T15:47:04.032258",
"job_ids": [
"JOB_task_train_linear_1a16ed65-ec3a-465a-8e8f-5f80edac2194"
],
"cacheable": true,
"validity_days": 5,
"validity_seconds": 0,
"edit_in_progress": false,
"data_node_properties": {
"is_generated": true
}
}