{
"id": "DATANODE_train_data_3af4be9d-f58d-40b9-bc58-b954cca17b4d",
"config_id": "train_data",
"scope": "<Scope.SCENARIO: 2>",
"storage_type": "pickle",
"name": "DATANODE_train_data_3af4be9d-f58d-40b9-bc58-b954cca17b4d",
"parent_id": "SCENARIO_scenario_c15f6a8c-99f8-4b21-88b0-855789ae806c",
"last_edit_date": "2022-11-29T15:21:57.734448",
"job_ids": [
"JOB_task_preprocess_data_755e689e-efec-4d5c-8ee9-0a14dd504f1d"
],
"cacheable": true,
"validity_days": 5,
"validity_seconds": 0,
"edit_in_progress": false,
"data_node_properties": {
"is_generated": true
}
}