{
"id": "DATANODE_model_b6cf1432-1f8a-4272-8734-14f42320d469",
"config_id": "model",
"scope": "<Scope.PIPELINE: 1>",
"storage_type": "pickle",
"name": "DATANODE_model_b6cf1432-1f8a-4272-8734-14f42320d469",
"parent_id": "PIPELINE_ARIMA_ea9ef53d-9bf8-4579-841e-fae65226122c",
"last_edit_date": "2022-11-29T15:22:04.412486",
"job_ids": [
"JOB_task_train_81f69b39-a6bb-47e9-a11b-ead078f3e50a"
],
"cacheable": true,
"validity_days": 5,
"validity_seconds": 0,
"edit_in_progress": false,
"data_node_properties": {
"is_generated": true
}
}