{
"id": "DATANODE_predictions_02ffa61e-0b2e-422c-8ecc-4467a80d820f",
"config_id": "predictions",
"scope": "<Scope.PIPELINE: 1>",
"storage_type": "pickle",
"name": "DATANODE_predictions_02ffa61e-0b2e-422c-8ecc-4467a80d820f",
"parent_id": "PIPELINE_LinearRegression_ebfeb41f-5e98-4c0a-8473-a8105334f393",
"last_edit_date": "2022-11-29T15:46:57.935067",
"job_ids": [
"JOB_task_forecast_linear_fdff069f-9d0b-4d99-8d8f-674d4ebbbf6d",
"JOB_task_forecast_linear_cdd77acf-b60d-4a42-a10c-71d1907ac5a6",
"JOB_task_forecast_linear_0746f32c-0a06-481f-9027-c4458cc5001e"
],
"cacheable": false,
"validity_days": null,
"validity_seconds": null,
"edit_in_progress": false,
"data_node_properties": {
"is_generated": true
}
}