{
"id": "DATANODE_predictions_c139b1af-c89d-4d86-9218-f9c01fbf96a2",
"config_id": "predictions",
"scope": "<Scope.PIPELINE: 1>",
"storage_type": "pickle",
"name": "DATANODE_predictions_c139b1af-c89d-4d86-9218-f9c01fbf96a2",
"parent_id": "PIPELINE_ARIMA_ea9ef53d-9bf8-4579-841e-fae65226122c",
"last_edit_date": "2022-11-29T15:22:04.508488",
"job_ids": [
"JOB_task_forecast_114b23e1-f09e-4b9c-a6e0-7fd747b1f6bc"
],
"cacheable": false,
"validity_days": null,
"validity_seconds": null,
"edit_in_progress": false,
"data_node_properties": {
"is_generated": true
}
}