{
"id": "DATANODE_model_c2a01043-1051-4ec7-8933-8ddfd3038a30",
"config_id": "model",
"scope": "<Scope.PIPELINE: 1>",
"storage_type": "pickle",
"name": "DATANODE_model_c2a01043-1051-4ec7-8933-8ddfd3038a30",
"parent_id": "PIPELINE_ARIMA_794cc936-4efb-4097-93b8-5e4faef85ba3",
"last_edit_date": "2022-11-29T15:47:03.648258",
"job_ids": [
"JOB_task_train_beb9233d-9733-4216-bc63-fef487fcbdff"
],
"cacheable": true,
"validity_days": 5,
"validity_seconds": 0,
"edit_in_progress": false,
"data_node_properties": {
"is_generated": true
}
}