{
"id": "DATANODE_result_243d43cc-0390-4629-a0ec-e1c2e274b1f1",
"config_id": "result",
"scope": "<Scope.PIPELINE: 1>",
"storage_type": "pickle",
"name": "DATANODE_result_243d43cc-0390-4629-a0ec-e1c2e274b1f1",
"parent_id": "PIPELINE_ARIMA_50188a08-bb93-4c98-830c-f1bc2745e6f3",
"last_edit_date": "2022-11-02T16:58:39.755290",
"job_ids": [
"JOB_task_result_b6f247a8-44e9-4d6b-9a90-59440ff3ab1c"
],
"cacheable": false,
"validity_days": null,
"validity_seconds": null,
"edit_in_progress": false,
"data_node_properties": {
"is_generated": true
}
}