{
"id": "DATANODE_train_data_dd9b9e75-2309-4626-82c4-036a55ddb94e",
"config_id": "train_data",
"scope": "<Scope.SCENARIO: 2>",
"storage_type": "pickle",
"name": "DATANODE_train_data_dd9b9e75-2309-4626-82c4-036a55ddb94e",
"parent_id": "SCENARIO_scenario_85ce38e9-df57-4c86-bbdd-d3bbbd1d7225",
"last_edit_date": "2022-11-29T15:46:59.523983",
"job_ids": [
"JOB_task_preprocess_data_1229b84d-9c8c-428f-bf3a-1bd3a0c085d3"
],
"cacheable": true,
"validity_days": 5,
"validity_seconds": 0,
"edit_in_progress": false,
"data_node_properties": {
"is_generated": true
}
}