{
"id": "DATANODE_final_data_ceb3c744-a0ae-4232-8cbf-c0e8ae13045a",
"config_id": "final_data",
"scope": "<Scope.SCENARIO: 2>",
"storage_type": "pickle",
"name": "DATANODE_final_data_ceb3c744-a0ae-4232-8cbf-c0e8ae13045a",
"parent_id": "SCENARIO_scenario_8dd923e3-8cc1-4c72-b9ea-d8a04f1eaabf",
"last_edit_date": "2022-11-29T15:46:56.826553",
"job_ids": [
"JOB_task_preprocess_data_18b9c846-55b8-49cd-bb9a-fdc6aacf2776",
"JOB_task_preprocess_data_1fa6d0c9-ca29-49cb-a4e6-9215318f641c"
],
"cacheable": true,
"validity_days": 5,
"validity_seconds": 0,
"edit_in_progress": false,
"data_node_properties": {
"is_generated": true
}
}