{
"id": "DATANODE_model_5c75bb8a-7d59-4642-a7cd-7367627d0f9d",
"config_id": "model",
"scope": "<Scope.PIPELINE: 1>",
"storage_type": "pickle",
"name": "DATANODE_model_5c75bb8a-7d59-4642-a7cd-7367627d0f9d",
"parent_id": "PIPELINE_ARIMA_50188a08-bb93-4c98-830c-f1bc2745e6f3",
"last_edit_date": "2022-11-02T16:58:39.409983",
"job_ids": [
"JOB_task_train_e707ff60-d1bb-459d-810b-b9dc12fff610"
],
"cacheable": true,
"validity_days": 5,
"validity_seconds": 0,
"edit_in_progress": false,
"data_node_properties": {
"is_generated": true
}
}