{
"id": "DATANODE_predictions_fc74a700-17ff-4a89-8545-4f1b9cdcc6a7",
"config_id": "predictions",
"scope": "<Scope.PIPELINE: 1>",
"storage_type": "pickle",
"name": "DATANODE_predictions_fc74a700-17ff-4a89-8545-4f1b9cdcc6a7",
"parent_id": "PIPELINE_ARIMA_794cc936-4efb-4097-93b8-5e4faef85ba3",
"last_edit_date": "2022-11-29T15:47:03.735258",
"job_ids": [
"JOB_task_forecast_b34b7d8c-0abf-4512-a5b6-fb65e5dcf5c9"
],
"cacheable": false,
"validity_days": null,
"validity_seconds": null,
"edit_in_progress": false,
"data_node_properties": {
"is_generated": true
}
}