{
"id": "DATANODE_model_7a1c336d-24f9-41ec-8a36-af0b2f4386fd",
"config_id": "model",
"scope": "<Scope.PIPELINE: 1>",
"storage_type": "pickle",
"name": "DATANODE_model_7a1c336d-24f9-41ec-8a36-af0b2f4386fd",
"parent_id": "PIPELINE_ARIMA_fe30412f-4680-4641-8ac1-d02f679390fd",
"last_edit_date": "2022-11-29T15:46:57.296093",
"job_ids": [
"JOB_task_train_2e28a89b-5da0-4f89-9c84-67f43d04b750",
"JOB_task_train_f51b1f00-96a4-47a8-b10d-5f7e947a35a5"
],
"cacheable": true,
"validity_days": 5,
"validity_seconds": 0,
"edit_in_progress": false,
"data_node_properties": {
"is_generated": true
}
}