{
"id": "DATANODE_predictions_b44c6fcb-2ef2-4cf5-96e4-3a52218c3185",
"config_id": "predictions",
"scope": "<Scope.PIPELINE: 1>",
"storage_type": "pickle",
"name": "DATANODE_predictions_b44c6fcb-2ef2-4cf5-96e4-3a52218c3185",
"parent_id": "PIPELINE_LinearRegression_ef38d5c7-dfa0-42a4-8e65-d090c23e8d5e",
"last_edit_date": "2022-11-29T15:21:55.235256",
"job_ids": [
"JOB_task_forecast_linear_f025cc98-1fb5-4790-a927-817a78c6de5f",
"JOB_task_forecast_linear_36a005be-dad7-48ab-b1d9-b1c66beb0ad4",
"JOB_task_forecast_linear_34a1e66b-3909-480c-89ef-6193d34368a5"
],
"cacheable": false,
"validity_days": null,
"validity_seconds": null,
"edit_in_progress": false,
"data_node_properties": {
"is_generated": true
}
}