{
"id": "DATANODE_model_1a417334-3266-45a0-9bcf-53b22dee95f2",
"config_id": "model",
"scope": "<Scope.PIPELINE: 1>",
"storage_type": "pickle",
"name": "DATANODE_model_1a417334-3266-45a0-9bcf-53b22dee95f2",
"parent_id": "PIPELINE_LinearRegression_8aac6224-8147-470f-920f-3ed8002cdb28",
"last_edit_date": "2022-11-02T16:55:02.694322",
"job_ids": [
"JOB_task_train_linear_b13b06d5-d2b9-4ead-b591-264ad8a17848",
"JOB_task_train_linear_97b59aeb-f3b7-45b1-b550-4f5f759afe97"
],
"cacheable": true,
"validity_days": 5,
"validity_seconds": 0,
"edit_in_progress": false,
"data_node_properties": {
"is_generated": true
}
}