{
"id": "DATANODE_result_7a1a2f09-21b6-437e-b5d1-cb3b649710ab",
"config_id": "result",
"scope": "<Scope.PIPELINE: 1>",
"storage_type": "pickle",
"name": "DATANODE_result_7a1a2f09-21b6-437e-b5d1-cb3b649710ab",
"parent_id": "PIPELINE_LinearRegression_787a840a-f7f6-42ee-a394-10624b64fc87",
"last_edit_date": "2022-11-02T16:55:22.877034",
"job_ids": [
"JOB_task_result_ca3fe7b5-38d0-4802-8de3-e3d7f7121dc2"
],
"cacheable": false,
"validity_days": null,
"validity_seconds": null,
"edit_in_progress": false,
"data_node_properties": {
"is_generated": true
}
}