{
"id": "DATANODE_result_39ea6803-84d8-4d45-9c71-6543e27453ec",
"config_id": "result",
"scope": "<Scope.PIPELINE: 1>",
"storage_type": "pickle",
"name": "DATANODE_result_39ea6803-84d8-4d45-9c71-6543e27453ec",
"parent_id": "PIPELINE_ARIMA_fe30412f-4680-4641-8ac1-d02f679390fd",
"last_edit_date": "2022-11-29T15:46:57.485244",
"job_ids": [
"JOB_task_result_d1d91cd1-7fa0-4525-b458-ef83f6ba9f65",
"JOB_task_result_d35771a0-de3d-486d-8a3f-89c26c38ff1d",
"JOB_task_result_090144f8-608c-41a6-b9ec-1512ccec7830"
],
"cacheable": false,
"validity_days": null,
"validity_seconds": null,
"edit_in_progress": false,
"data_node_properties": {
"is_generated": true
}
}