{
"id": "DATANODE_predictions_b008e76b-2bf2-40bb-bcd8-8e9f56ce3c12",
"config_id": "predictions",
"scope": "<Scope.PIPELINE: 1>",
"storage_type": "pickle",
"name": "DATANODE_predictions_b008e76b-2bf2-40bb-bcd8-8e9f56ce3c12",
"parent_id": "PIPELINE_LinearRegression_e850a759-d7d5-491a-913c-bb0481f493fb",
"last_edit_date": "2022-11-29T15:22:04.970683",
"job_ids": [
"JOB_task_forecast_linear_8e442391-cb71-4f81-92d4-d90e15537e80"
],
"cacheable": false,
"validity_days": null,
"validity_seconds": null,
"edit_in_progress": false,
"data_node_properties": {
"is_generated": true
}
}