{
"id": "DATANODE_model_c83c25c8-c2ee-40eb-9045-f760150137d7",
"config_id": "model",
"scope": "<Scope.PIPELINE: 1>",
"storage_type": "pickle",
"name": "DATANODE_model_c83c25c8-c2ee-40eb-9045-f760150137d7",
"parent_id": "PIPELINE_ARIMA_7ff64730-422a-44fb-9494-195f4794bfa8",
"last_edit_date": "2022-11-29T15:21:54.303209",
"job_ids": [
"JOB_task_train_4de81d75-c6c6-414c-b4a3-d4ddfc7b4f97",
"JOB_task_train_7dcfcb05-4ab3-4cab-bb74-cd7baa915a77"
],
"cacheable": true,
"validity_days": 5,
"validity_seconds": 0,
"edit_in_progress": false,
"data_node_properties": {
"is_generated": true
}
}