{
"id": "DATANODE_predictions_44c27a9f-31b3-4d03-b1a3-a06260608545",
"config_id": "predictions",
"scope": "<Scope.PIPELINE: 1>",
"storage_type": "pickle",
"name": "DATANODE_predictions_44c27a9f-31b3-4d03-b1a3-a06260608545",
"parent_id": "PIPELINE_LinearRegression_9995d5d9-b8e6-4c4d-9f46-03d6881b8d09",
"last_edit_date": "2022-11-29T15:47:04.117258",
"job_ids": [
"JOB_task_forecast_linear_7eb8c54b-d5ed-4c89-b885-13ced67065b1"
],
"cacheable": false,
"validity_days": null,
"validity_seconds": null,
"edit_in_progress": false,
"data_node_properties": {
"is_generated": true
}
}