{
"id": "DATANODE_result_1391968c-d288-4661-be9b-d8c4cabedd67",
"config_id": "result",
"scope": "<Scope.PIPELINE: 1>",
"storage_type": "pickle",
"name": "DATANODE_result_1391968c-d288-4661-be9b-d8c4cabedd67",
"parent_id": "PIPELINE_ARIMA_1cf8c901-c11d-416c-bc9d-7eaef0aa6f40",
"last_edit_date": "2022-11-02T16:55:02.445371",
"job_ids": [
"JOB_task_result_73b4d0bf-a0b4-4975-aa1f-cfb3241ec35d",
"JOB_task_result_b56707da-d477-4a74-8cc1-86769690f753",
"JOB_task_result_e64a0374-36ae-4a18-84d4-58f56fb3c717"
],
"cacheable": false,
"validity_days": null,
"validity_seconds": null,
"edit_in_progress": false,
"data_node_properties": {
"is_generated": true
}
}