{
"id": "DATANODE_result_8d0a6141-03ef-4ad2-91cb-e97c48959387",
"config_id": "result",
"scope": "<Scope.PIPELINE: 1>",
"storage_type": "pickle",
"name": "DATANODE_result_8d0a6141-03ef-4ad2-91cb-e97c48959387",
"parent_id": "PIPELINE_LinearRegression_9995d5d9-b8e6-4c4d-9f46-03d6881b8d09",
"last_edit_date": "2022-11-29T15:47:04.206261",
"job_ids": [
"JOB_task_result_417ab212-7982-4d4d-b2b0-0bcbb439adaf"
],
"cacheable": false,
"validity_days": null,
"validity_seconds": null,
"edit_in_progress": false,
"data_node_properties": {
"is_generated": true
}
}