{
"id": "DATANODE_country_cb27d7a1-bd87-4aff-bcbc-ff55c728661a",
"config_id": "country",
"scope": "<Scope.SCENARIO: 2>",
"storage_type": "pickle",
"name": "DATANODE_country_cb27d7a1-bd87-4aff-bcbc-ff55c728661a",
"parent_id": "SCENARIO_scenario_f54ba57f-9fbb-4674-8d7b-073e1abb1602",
"last_edit_date": "2022-11-29T15:21:52.209246",
"job_ids": [],
"cacheable": true,
"validity_days": 5,
"validity_seconds": 0,
"edit_in_progress": false,
"data_node_properties": {
"is_generated": true
}
}