{
"id": "DATANODE_predictions_1a834458-a3e8-4f48-bcd8-cd8908a3654d",
"config_id": "predictions",
"scope": "<Scope.PIPELINE: 1>",
"storage_type": "pickle",
"name": "DATANODE_predictions_1a834458-a3e8-4f48-bcd8-cd8908a3654d",
"parent_id": "PIPELINE_ARIMA_fe30412f-4680-4641-8ac1-d02f679390fd",
"last_edit_date": "2022-11-29T15:46:57.391245",
"job_ids": [
"JOB_task_forecast_fb0eb97e-dd1d-4a6b-9b14-a9eee869b6f7",
"JOB_task_forecast_567b5985-2ef7-4a6a-9c1d-57b3ab725278",
"JOB_task_forecast_5a2e55b6-64b4-41cf-bd23-b22f71b3bbfb"
],
"cacheable": false,
"validity_days": null,
"validity_seconds": null,
"edit_in_progress": false,
"data_node_properties": {
"is_generated": true
}
}