{
"id": "DATANODE_predictions_40d98ec4-b651-41f0-8c6c-44312f1dc21d",
"config_id": "predictions",
"scope": "<Scope.PIPELINE: 1>",
"storage_type": "pickle",
"name": "DATANODE_predictions_40d98ec4-b651-41f0-8c6c-44312f1dc21d",
"parent_id": "PIPELINE_LinearRegression_28c00a13-20bb-490c-8549-ec13621de08a",
"last_edit_date": "2022-11-02T16:58:40.222197",
"job_ids": [
"JOB_task_forecast_linear_00533c54-a60f-42c7-99fa-3748c7bfbc95"
],
"cacheable": false,
"validity_days": null,
"validity_seconds": null,
"edit_in_progress": false,
"data_node_properties": {
"is_generated": true
}
}