{
"id": "DATANODE_initial_data_eb9ca0b7-5d3b-4232-8305-6b6cb723c5ea",
"config_id": "initial_data",
"scope": "<Scope.GLOBAL: 4>",
"storage_type": "csv",
"name": "DATANODE_initial_data_eb9ca0b7-5d3b-4232-8305-6b6cb723c5ea",
"parent_id": null,
"last_edit_date": "2022-11-02T16:53:29.260665",
"job_ids": [],
"cacheable": true,
"validity_days": 5,
"validity_seconds": 0,
"edit_in_progress": false,
"data_node_properties": {
"path": "data/covid-19-all.csv",
"has_header": true,
"exposed_type": "pandas"
}
}