{
"id": "DATANODE_result_ee5aa9fe-43ff-410b-9fd1-908a1569bb72",
"config_id": "result",
"scope": "<Scope.PIPELINE: 1>",
"storage_type": "pickle",
"name": "DATANODE_result_ee5aa9fe-43ff-410b-9fd1-908a1569bb72",
"parent_id": "PIPELINE_ARIMA_7ff64730-422a-44fb-9494-195f4794bfa8",
"last_edit_date": "2022-11-29T15:21:54.650717",
"job_ids": [
"JOB_task_result_4393ab70-7652-42d2-8cb1-338a9b1f9692",
"JOB_task_result_d77358c2-46b4-4328-ae57-1d22a7aee1ec",
"JOB_task_result_b1010326-0249-4e53-93d8-9e457df1dd57"
],
"cacheable": false,
"validity_days": null,
"validity_seconds": null,
"edit_in_progress": false,
"data_node_properties": {
"is_generated": true
}
}