{
"id": "DATANODE_country_4d3dd78a-43fb-4f88-be81-5bc5542df9f9",
"config_id": "country",
"scope": "<Scope.SCENARIO: 2>",
"storage_type": "pickle",
"name": "DATANODE_country_4d3dd78a-43fb-4f88-be81-5bc5542df9f9",
"parent_id": "SCENARIO_scenario_8dd923e3-8cc1-4c72-b9ea-d8a04f1eaabf",
"last_edit_date": "2022-11-29T15:46:55.825515",
"job_ids": [],
"cacheable": true,
"validity_days": 5,
"validity_seconds": 0,
"edit_in_progress": false,
"data_node_properties": {
"is_generated": true
}
}