{
"id": "DATANODE_country_980c4d8f-0c29-46a6-8d13-e3c79eebf616",
"config_id": "country",
"scope": "<Scope.SCENARIO: 2>",
"storage_type": "pickle",
"name": "DATANODE_country_980c4d8f-0c29-46a6-8d13-e3c79eebf616",
"parent_id": "SCENARIO_scenario_85ce38e9-df57-4c86-bbdd-d3bbbd1d7225",
"last_edit_date": "2022-11-29T15:46:58.107652",
"job_ids": [],
"cacheable": true,
"validity_days": 5,
"validity_seconds": 0,
"edit_in_progress": false,
"data_node_properties": {
"is_generated": true
}
}