{
"id": "DATANODE_train_data_200595de-87cb-460b-a3a3-b9d319b05e6f",
"config_id": "train_data",
"scope": "<Scope.SCENARIO: 2>",
"storage_type": "pickle",
"name": "DATANODE_train_data_200595de-87cb-460b-a3a3-b9d319b05e6f",
"parent_id": "SCENARIO_scenario_292a6503-2912-4500-b4f0-7e5b5f718a33",
"last_edit_date": "2022-11-02T16:58:35.617185",
"job_ids": [
"JOB_task_preprocess_data_127c7353-3742-41fa-98ff-82a3b062fccf"
],
"cacheable": true,
"validity_days": 5,
"validity_seconds": 0,
"edit_in_progress": false,
"data_node_properties": {
"is_generated": true
}
}