{
"id": "DATANODE_train_data_80c87f55-7bb3-4109-bf98-d8c7a53aae3e",
"config_id": "train_data",
"scope": "<Scope.SCENARIO: 2>",
"storage_type": "pickle",
"name": "DATANODE_train_data_80c87f55-7bb3-4109-bf98-d8c7a53aae3e",
"parent_id": "SCENARIO_scenario_7cdddafc-ba58-4548-bde4-d578c393d0dc",
"last_edit_date": "2022-11-02T16:55:01.281807",
"job_ids": [
"JOB_task_preprocess_data_f06ea8aa-94ff-4e3a-b2b9-b45711d230fe",
"JOB_task_preprocess_data_955de550-3dad-42be-b632-268a1d62c429"
],
"cacheable": true,
"validity_days": 5,
"validity_seconds": 0,
"edit_in_progress": false,
"data_node_properties": {
"is_generated": true
}
}