{
"id": "DATANODE_final_data_57ce085c-59e3-4adb-a119-f84f642b9fdb",
"config_id": "final_data",
"scope": "<Scope.SCENARIO: 2>",
"storage_type": "pickle",
"name": "DATANODE_final_data_57ce085c-59e3-4adb-a119-f84f642b9fdb",
"parent_id": "SCENARIO_scenario_c8552ec1-4919-4187-9d4c-cc2c4a6d0e6d",
"last_edit_date": "2022-11-02T16:55:14.286594",
"job_ids": [
"JOB_task_preprocess_data_5d8b24b9-eaa7-4cef-810f-02a2672ecfe3"
],
"cacheable": true,
"validity_days": 5,
"validity_seconds": 0,
"edit_in_progress": false,
"data_node_properties": {
"is_generated": true
}
}