{
"id": "DATANODE_final_data_441dd188-2f05-4beb-b0c4-df517a91f5c5",
"config_id": "final_data",
"scope": "<Scope.SCENARIO: 2>",
"storage_type": "pickle",
"name": "DATANODE_final_data_441dd188-2f05-4beb-b0c4-df517a91f5c5",
"parent_id": "SCENARIO_scenario_7cdddafc-ba58-4548-bde4-d578c393d0dc",
"last_edit_date": "2022-11-02T16:55:01.274830",
"job_ids": [
"JOB_task_preprocess_data_f06ea8aa-94ff-4e3a-b2b9-b45711d230fe",
"JOB_task_preprocess_data_955de550-3dad-42be-b632-268a1d62c429"
],
"cacheable": true,
"validity_days": 5,
"validity_seconds": 0,
"edit_in_progress": false,
"data_node_properties": {
"is_generated": true
}
}