{
"id": "DATANODE_predictions_30c85ff1-5798-4081-a8ef-6cd217ac9b18",
"config_id": "predictions",
"scope": "<Scope.PIPELINE: 1>",
"storage_type": "pickle",
"name": "DATANODE_predictions_30c85ff1-5798-4081-a8ef-6cd217ac9b18",
"parent_id": "PIPELINE_LinearRegression_787a840a-f7f6-42ee-a394-10624b64fc87",
"last_edit_date": "2022-11-02T16:55:22.696561",
"job_ids": [
"JOB_task_forecast_linear_0e116143-8fdd-4ceb-82f5-777a20551ec9"
],
"cacheable": false,
"validity_days": null,
"validity_seconds": null,
"edit_in_progress": false,
"data_node_properties": {
"is_generated": true
}
}