{
"id": "DATANODE_result_c88ec054-ec13-4f0f-912e-62c4dda63cb7",
"config_id": "result",
"scope": "<Scope.PIPELINE: 1>",
"storage_type": "pickle",
"name": "DATANODE_result_c88ec054-ec13-4f0f-912e-62c4dda63cb7",
"parent_id": "PIPELINE_LinearRegression_e850a759-d7d5-491a-913c-bb0481f493fb",
"last_edit_date": "2022-11-29T15:22:05.100773",
"job_ids": [
"JOB_task_result_789178d7-2cf8-4b37-92c8-e852374b19d1"
],
"cacheable": false,
"validity_days": null,
"validity_seconds": null,
"edit_in_progress": false,
"data_node_properties": {
"is_generated": true
}
}