{
"id": "DATANODE_final_data_fe0dde86-b6ff-4306-b4cf-b454aa869670",
"config_id": "final_data",
"scope": "<Scope.SCENARIO: 2>",
"storage_type": "pickle",
"name": "DATANODE_final_data_fe0dde86-b6ff-4306-b4cf-b454aa869670",
"parent_id": "SCENARIO_scenario_f54ba57f-9fbb-4674-8d7b-073e1abb1602",
"last_edit_date": "2022-11-29T15:21:53.236176",
"job_ids": [
"JOB_task_preprocess_data_8e067b59-237f-49c9-a216-eda4358892f0",
"JOB_task_preprocess_data_ad6c05c3-95c4-427a-b249-32e9432da863"
],
"cacheable": true,
"validity_days": 5,
"validity_seconds": 0,
"edit_in_progress": false,
"data_node_properties": {
"is_generated": true
}
}