{
"id": "DATANODE_result_b3a168e6-2469-44ff-ba62-1cadca6610d4",
"config_id": "result",
"scope": "<Scope.PIPELINE: 1>",
"storage_type": "pickle",
"name": "DATANODE_result_b3a168e6-2469-44ff-ba62-1cadca6610d4",
"parent_id": "PIPELINE_LinearRegression_8aac6224-8147-470f-920f-3ed8002cdb28",
"last_edit_date": "2022-11-02T16:55:02.965340",
"job_ids": [
"JOB_task_result_f83eda51-a562-48c2-8307-5080297d6525",
"JOB_task_result_9c795ce6-4971-4643-923a-1affda3077fa",
"JOB_task_result_2c50500e-69ea-475d-99f4-0bdd2866d12b"
],
"cacheable": false,
"validity_days": null,
"validity_seconds": null,
"edit_in_progress": false,
"data_node_properties": {
"is_generated": true
}
}