{
"id": "DATANODE_result_2bd60a60-8803-44a1-812d-2d45821d56e8",
"config_id": "result",
"scope": "<Scope.PIPELINE: 1>",
"storage_type": "pickle",
"name": "DATANODE_result_2bd60a60-8803-44a1-812d-2d45821d56e8",
"parent_id": "PIPELINE_LinearRegression_ebfeb41f-5e98-4c0a-8473-a8105334f393",
"last_edit_date": "2022-11-29T15:46:58.033650",
"job_ids": [
"JOB_task_result_4398522b-9cad-4424-9e5b-68da5655c69d",
"JOB_task_result_1f845807-5987-4130-83da-94e2f194d04a",
"JOB_task_result_2e42542a-fd18-4135-a2bc-0cd76551951d"
],
"cacheable": false,
"validity_days": null,
"validity_seconds": null,
"edit_in_progress": false,
"data_node_properties": {
"is_generated": true
}
}