{
"id": "DATANODE_final_data_ee878e64-fe60-4756-9ff6-68971f25c2ba",
"config_id": "final_data",
"scope": "<Scope.SCENARIO: 2>",
"storage_type": "pickle",
"name": "DATANODE_final_data_ee878e64-fe60-4756-9ff6-68971f25c2ba",
"parent_id": "SCENARIO_scenario_85ce38e9-df57-4c86-bbdd-d3bbbd1d7225",
"last_edit_date": "2022-11-29T15:46:59.518983",
"job_ids": [
"JOB_task_preprocess_data_1229b84d-9c8c-428f-bf3a-1bd3a0c085d3"
],
"cacheable": true,
"validity_days": 5,
"validity_seconds": 0,
"edit_in_progress": false,
"data_node_properties": {
"is_generated": true
}
}