{
"id": "DATANODE_result_347d27b1-bcfb-4488-84c2-2fd1a1364228",
"config_id": "result",
"scope": "<Scope.PIPELINE: 1>",
"storage_type": "pickle",
"name": "DATANODE_result_347d27b1-bcfb-4488-84c2-2fd1a1364228",
"parent_id": "PIPELINE_ARIMA_6b0194b8-6111-45d8-bfe9-490091cfaa5b",
"last_edit_date": "2022-11-02T16:55:22.277523",
"job_ids": [
"JOB_task_result_34c91c09-0ebc-4036-ae93-633da567fb68"
],
"cacheable": false,
"validity_days": null,
"validity_seconds": null,
"edit_in_progress": false,
"data_node_properties": {
"is_generated": true
}
}