{
"id": "DATANODE_result_36fbd6eb-1e5d-4661-aa05-679e48abd499",
"config_id": "result",
"scope": "<Scope.PIPELINE: 1>",
"storage_type": "pickle",
"name": "DATANODE_result_36fbd6eb-1e5d-4661-aa05-679e48abd499",
"parent_id": "PIPELINE_ARIMA_ea9ef53d-9bf8-4579-841e-fae65226122c",
"last_edit_date": "2022-11-29T15:22:04.642103",
"job_ids": [
"JOB_task_result_a0b49eae-25f8-45b6-817c-13cc99a0628b"
],
"cacheable": false,
"validity_days": null,
"validity_seconds": null,
"edit_in_progress": false,
"data_node_properties": {
"is_generated": true
}
}