{
"id": "DATANODE_model_f0e1aacd-e048-46a5-9086-ee378cc02ba5",
"config_id": "model",
"scope": "<Scope.PIPELINE: 1>",
"storage_type": "pickle",
"name": "DATANODE_model_f0e1aacd-e048-46a5-9086-ee378cc02ba5",
"parent_id": "PIPELINE_LinearRegression_e850a759-d7d5-491a-913c-bb0481f493fb",
"last_edit_date": "2022-11-29T15:22:04.842102",
"job_ids": [
"JOB_task_train_linear_482f819d-9716-4700-9dec-6488f6c33a37"
],
"cacheable": true,
"validity_days": 5,
"validity_seconds": 0,
"edit_in_progress": false,
"data_node_properties": {
"is_generated": true
}
}