{
"id": "DATANODE_result_7cd44a4a-46d1-4519-9faf-804aacea02ab",
"config_id": "result",
"scope": "<Scope.PIPELINE: 1>",
"storage_type": "pickle",
"name": "DATANODE_result_7cd44a4a-46d1-4519-9faf-804aacea02ab",
"parent_id": "PIPELINE_ARIMA_794cc936-4efb-4097-93b8-5e4faef85ba3",
"last_edit_date": "2022-11-29T15:47:03.827258",
"job_ids": [
"JOB_task_result_fb5eb9fb-a6fa-438e-9f0f-fc13f46cfbcd"
],
"cacheable": false,
"validity_days": null,
"validity_seconds": null,
"edit_in_progress": false,
"data_node_properties": {
"is_generated": true
}
}