{
"id": "DATANODE_model_86e7d877-0b33-4fec-b330-56e79f0465bb",
"config_id": "model",
"scope": "<Scope.PIPELINE: 1>",
"storage_type": "pickle",
"name": "DATANODE_model_86e7d877-0b33-4fec-b330-56e79f0465bb",
"parent_id": "PIPELINE_ARIMA_6b0194b8-6111-45d8-bfe9-490091cfaa5b",
"last_edit_date": "2022-11-02T16:55:21.953799",
"job_ids": [
"JOB_task_train_bb8077c3-e5e9-42fe-8624-a3e1eaebb5ad"
],
"cacheable": true,
"validity_days": 5,
"validity_seconds": 0,
"edit_in_progress": false,
"data_node_properties": {
"is_generated": true
}
}