{
"id": "DATANODE_final_data_0cb36eaa-5655-448c-b687-60c33a55607b",
"config_id": "final_data",
"scope": "<Scope.SCENARIO: 2>",
"storage_type": "pickle",
"name": "DATANODE_final_data_0cb36eaa-5655-448c-b687-60c33a55607b",
"parent_id": "SCENARIO_scenario_c15f6a8c-99f8-4b21-88b0-855789ae806c",
"last_edit_date": "2022-11-29T15:21:57.726445",
"job_ids": [
"JOB_task_preprocess_data_755e689e-efec-4d5c-8ee9-0a14dd504f1d"
],
"cacheable": true,
"validity_days": 5,
"validity_seconds": 0,
"edit_in_progress": false,
"data_node_properties": {
"is_generated": true
}
}