{
"id": "TASK_evaluate_2a9e2180-5375-4301-a769-9953af98664a",
"parent_id": "PIPELINE_baseline_3ebcf663-02a1-496e-affb-e7af70930533",
"config_id": "evaluate",
"input_ids": [
"DATANODE_predictions_87c79af6-e8be-40a6-b03e-898eee92662d",
"DATANODE_cleaned_dataset_8448745e-9a6c-47e0-9f39-9f8156347da7",
"DATANODE_day_f08d7813-7d5f-44cf-bb55-ddc551e31cfe"
],
"function_name": "evaluate",
"function_module": "backend.algorithms",
"output_ids": [
"DATANODE_evaluation_51fa62de-7653-4d48-ab5e-2fd58a3af043"
]
}