{
"id": "TASK_evaluate_82d73042-4776-4e98-a067-694dba821ec3",
"parent_id": "PIPELINE_baseline_e66e3ea9-10d3-4a71-b726-22228904a10d",
"config_id": "evaluate",
"input_ids": [
"DATANODE_predictions_a5e686eb-8b72-43d5-a8e6-dffda9d8281b",
"DATANODE_cleaned_dataset_8448745e-9a6c-47e0-9f39-9f8156347da7",
"DATANODE_day_dd5aee4e-ab41-4a4e-9936-c6156842010d"
],
"function_name": "evaluate",
"function_module": "backend.algorithms",
"output_ids": [
"DATANODE_evaluation_0bce2023-b18d-4b94-b8c4-3bef4d8cfe3f"
]
}