{
"id": "TASK_evaluate_87f82bc7-6282-42c0-b9ed-a898fd3efa8f",
"parent_id": "PIPELINE_baseline_c5ffba4b-7c6a-4b77-ae39-bf84a3589191",
"config_id": "evaluate",
"input_ids": [
"DATANODE_predictions_03944fda-0222-4206-b5d4-2e0f00bed80e",
"DATANODE_cleaned_dataset_8448745e-9a6c-47e0-9f39-9f8156347da7",
"DATANODE_day_6e5c78a7-528b-4b12-8322-1df232a378a8"
],
"function_name": "evaluate",
"function_module": "backend.algorithms",
"output_ids": [
"DATANODE_evaluation_c63da456-0abf-4670-8e3f-f5a0f8d13084"
]
}