{
"id": "TASK_evaluate_241da621-c4a9-4b2a-9e90-01f62068a81e",
"parent_id": "PIPELINE_baseline_38d62396-7f25-4591-a089-bad34da4cca3",
"config_id": "evaluate",
"input_ids": [
"DATANODE_predictions_80532fe4-b8ef-449d-9626-58d9d5adc894",
"DATANODE_cleaned_dataset_8448745e-9a6c-47e0-9f39-9f8156347da7",
"DATANODE_day_0009f00b-fba3-4269-ab2a-1ab39a0af10c"
],
"function_name": "evaluate",
"function_module": "backend.algorithms",
"output_ids": [
"DATANODE_evaluation_aae233bb-2f60-4cd4-8af6-182d73311cc1"
]
}