{
"id": "TASK_evaluate_705a1699-ae86-430f-a2f1-f62e7af31500",
"parent_id": "PIPELINE_baseline_aaefce05-0fb3-4ad1-818d-c69f452e5f28",
"config_id": "evaluate",
"input_ids": [
"DATANODE_predictions_37e529b3-89b4-4ccc-9b9e-f904fa28d557",
"DATANODE_cleaned_dataset_8448745e-9a6c-47e0-9f39-9f8156347da7",
"DATANODE_day_5ba49271-558b-450d-af39-edd44c1f26ee"
],
"function_name": "evaluate",
"function_module": "backend.algorithms",
"output_ids": [
"DATANODE_evaluation_f344ba0f-1e26-475d-b73e-c751fc07e2f6"
]
}