{
"id": "TASK_evaluate_c6646898-0b5d-4a2a-96ca-6b0a77af807e",
"parent_id": "PIPELINE_baseline_f4dd3485-be3b-4114-bd3f-41de664ebe10",
"config_id": "evaluate",
"input_ids": [
"DATANODE_predictions_9ed0adca-f8e7-454b-9fee-04c9145204f3",
"DATANODE_cleaned_dataset_8448745e-9a6c-47e0-9f39-9f8156347da7",
"DATANODE_day_a83318b6-238b-418f-adf4-e0586d17beec"
],
"function_name": "evaluate",
"function_module": "backend.algorithms",
"output_ids": [
"DATANODE_evaluation_609fab06-373b-430c-abe3-365aed5c0d6a"
]
}