{
"id": "TASK_evaluate_2de7e150-7f6c-420d-924d-7658d72e81fd",
"parent_id": "PIPELINE_baseline_e7b737a2-8c65-45e2-9d73-86aa3cc20b6e",
"config_id": "evaluate",
"input_ids": [
"DATANODE_predictions_68837ab4-40b4-4529-91c5-f7461aefc0c1",
"DATANODE_cleaned_dataset_8448745e-9a6c-47e0-9f39-9f8156347da7",
"DATANODE_day_0a473d5a-52fd-4727-bba2-ce10b0a0c7bf"
],
"function_name": "evaluate",
"function_module": "backend.algorithms",
"output_ids": [
"DATANODE_evaluation_29e64612-1201-45c8-b477-b9e52914d345"
]
}