{
"id": "TASK_evaluate_e89dedff-7956-4c74-a919-3a09b649d5b1",
"parent_id": "PIPELINE_baseline_4d172839-5b1c-434c-9a92-51c3396892f4",
"config_id": "evaluate",
"input_ids": [
"DATANODE_predictions_7d77003d-c88e-43ae-ac96-96c6c5682e8a",
"DATANODE_cleaned_dataset_8448745e-9a6c-47e0-9f39-9f8156347da7",
"DATANODE_day_6a14887f-c70f-41ba-b6ac-2bffd7e9e92e"
],
"function_name": "evaluate",
"function_module": "backend.algorithms",
"output_ids": [
"DATANODE_evaluation_e9760a78-55d9-43a1-b692-a18a33d3b47c"
]
}