{
"id": "TASK_evaluate_2ed4b623-f23f-4a3e-822e-ec7f81719660",
"parent_id": "PIPELINE_baseline_904b5788-c1e5-48b4-887f-1454b2062f92",
"config_id": "evaluate",
"input_ids": [
"DATANODE_predictions_ed6c0309-37d0-4c5a-b2a0-b2564836d7e9",
"DATANODE_cleaned_dataset_8448745e-9a6c-47e0-9f39-9f8156347da7",
"DATANODE_day_97aa72e0-c130-4eaf-9205-a1e6dc07edc9"
],
"function_name": "evaluate",
"function_module": "backend.algorithms",
"output_ids": [
"DATANODE_evaluation_e73f5909-4b52-433b-ac47-c4aeb42fb9f8"
]
}