{
"id": "TASK_evaluate_7d2bf769-9474-4395-99a4-cd1c39635763",
"parent_id": "PIPELINE_baseline_2d761d42-83e0-473d-a8c6-6bf15524f796",
"config_id": "evaluate",
"input_ids": [
"DATANODE_predictions_bad39e33-4bb8-4d52-80df-5ff742142c4d",
"DATANODE_cleaned_dataset_8448745e-9a6c-47e0-9f39-9f8156347da7",
"DATANODE_day_fbeb6e87-45aa-4c5d-914f-8071e9508f26"
],
"function_name": "evaluate",
"function_module": "backend.algorithms",
"output_ids": [
"DATANODE_evaluation_34734360-a3dd-480c-85cc-ff9d7e6d11b3"
]
}