{
"id": "TASK_task_result_855ad3a5-bbf1-433e-83f0-c3115452c44a",
"parent_id": "PIPELINE_LinearRegression_e850a759-d7d5-491a-913c-bb0481f493fb",
"config_id": "task_result",
"input_ids": [
"DATANODE_final_data_0cb36eaa-5655-448c-b687-60c33a55607b",
"DATANODE_predictions_b008e76b-2bf2-40bb-bcd8-8e9f56ce3c12",
"DATANODE_date_bdbd5063-c72e-4fdb-b13f-be65f99430de"
],
"function_name": "result",
"function_module": "__main__",
"output_ids": [
"DATANODE_result_c88ec054-ec13-4f0f-912e-62c4dda63cb7"
]
}