{
"id": "TASK_task_result_acdf92c1-b41e-4cc1-acba-b0a13624d24f",
"parent_id": "PIPELINE_LinearRegression_787a840a-f7f6-42ee-a394-10624b64fc87",
"config_id": "task_result",
"input_ids": [
"DATANODE_final_data_57ce085c-59e3-4adb-a119-f84f642b9fdb",
"DATANODE_predictions_30c85ff1-5798-4081-a8ef-6cd217ac9b18",
"DATANODE_date_cc9569cc-554d-4af8-b997-92a9a1da9467"
],
"function_name": "result",
"function_module": "__main__",
"output_ids": [
"DATANODE_result_7a1a2f09-21b6-437e-b5d1-cb3b649710ab"
]
}