{
"id": "TASK_task_result_8e923622-7b76-4ad0-9a2b-23f0be31abe0",
"parent_id": "PIPELINE_LinearRegression_ebfeb41f-5e98-4c0a-8473-a8105334f393",
"config_id": "task_result",
"input_ids": [
"DATANODE_final_data_ceb3c744-a0ae-4232-8cbf-c0e8ae13045a",
"DATANODE_predictions_02ffa61e-0b2e-422c-8ecc-4467a80d820f",
"DATANODE_date_e4860679-87d9-484f-87d7-714b60640b89"
],
"function_name": "result",
"function_module": "__main__",
"output_ids": [
"DATANODE_result_2bd60a60-8803-44a1-812d-2d45821d56e8"
]
}