{
"id": "TASK_task_preprocess_data_5c1eedfa-c271-4912-942a-4798b1f57ecc",
"parent_id": "SCENARIO_scenario_f54ba57f-9fbb-4674-8d7b-073e1abb1602",
"config_id": "task_preprocess_data",
"input_ids": [
"DATANODE_initial_data_eb9ca0b7-5d3b-4232-8305-6b6cb723c5ea",
"DATANODE_country_cb27d7a1-bd87-4aff-bcbc-ff55c728661a",
"DATANODE_date_10d42f5e-ce4d-4b2d-b91b-dc9aa3dbdf04"
],
"function_name": "preprocess",
"function_module": "__main__",
"output_ids": [
"DATANODE_final_data_fe0dde86-b6ff-4306-b4cf-b454aa869670",
"DATANODE_train_data_e92da542-8122-42da-809f-55bcefafbe93"
]
}