{
"id": "TASK_task_result_3753abef-86f5-4109-a77a-9218b37cc73f",
"parent_id": "PIPELINE_LinearRegression_9995d5d9-b8e6-4c4d-9f46-03d6881b8d09",
"config_id": "task_result",
"input_ids": [
"DATANODE_final_data_ee878e64-fe60-4756-9ff6-68971f25c2ba",
"DATANODE_predictions_44c27a9f-31b3-4d03-b1a3-a06260608545",
"DATANODE_date_9ce247b4-0a3b-417b-8634-77cd756a5ca5"
],
"function_name": "result",
"function_module": "__main__",
"output_ids": [
"DATANODE_result_8d0a6141-03ef-4ad2-91cb-e97c48959387"
]
}