{
"id": "TASK_task_preprocess_data_b87cec09-42e0-4203-bccd-7a69dd549b66",
"parent_id": "SCENARIO_scenario_c8552ec1-4919-4187-9d4c-cc2c4a6d0e6d",
"config_id": "task_preprocess_data",
"input_ids": [
"DATANODE_initial_data_eb9ca0b7-5d3b-4232-8305-6b6cb723c5ea",
"DATANODE_country_c9828e17-9ac9-4136-929c-2d367c96f692",
"DATANODE_date_cc9569cc-554d-4af8-b997-92a9a1da9467"
],
"function_name": "preprocess",
"function_module": "__main__",
"output_ids": [
"DATANODE_final_data_57ce085c-59e3-4adb-a119-f84f642b9fdb",
"DATANODE_train_data_095ee51c-e448-4e01-b913-76e1180ff2b1"
]
}