{
"id": "TASK_task_preprocess_data_a4405402-251a-424a-8b9d-99d2a7769cc5",
"parent_id": "SCENARIO_scenario_85ce38e9-df57-4c86-bbdd-d3bbbd1d7225",
"config_id": "task_preprocess_data",
"input_ids": [
"DATANODE_initial_data_eb9ca0b7-5d3b-4232-8305-6b6cb723c5ea",
"DATANODE_country_980c4d8f-0c29-46a6-8d13-e3c79eebf616",
"DATANODE_date_9ce247b4-0a3b-417b-8634-77cd756a5ca5"
],
"function_name": "preprocess",
"function_module": "__main__",
"output_ids": [
"DATANODE_final_data_ee878e64-fe60-4756-9ff6-68971f25c2ba",
"DATANODE_train_data_dd9b9e75-2309-4626-82c4-036a55ddb94e"
]
}