{
"id": "TASK_task_preprocess_data_bcdc212a-3106-43fb-85d4-7f1858371519",
"parent_id": "SCENARIO_scenario_7cdddafc-ba58-4548-bde4-d578c393d0dc",
"config_id": "task_preprocess_data",
"input_ids": [
"DATANODE_initial_data_eb9ca0b7-5d3b-4232-8305-6b6cb723c5ea",
"DATANODE_country_545c45e6-5102-4499-862b-daf930c8498b",
"DATANODE_date_824a6db7-a54b-419a-b912-c3a3e4c1e08b"
],
"function_name": "preprocess",
"function_module": "__main__",
"output_ids": [
"DATANODE_final_data_441dd188-2f05-4beb-b0c4-df517a91f5c5",
"DATANODE_train_data_80c87f55-7bb3-4109-bf98-d8c7a53aae3e"
]
}