{
"id": "TASK_task_preprocess_data_6a298915-ac00-4fe8-aa9c-e6248226017b",
"parent_id": "SCENARIO_scenario_292a6503-2912-4500-b4f0-7e5b5f718a33",
"config_id": "task_preprocess_data",
"input_ids": [
"DATANODE_initial_data_eb9ca0b7-5d3b-4232-8305-6b6cb723c5ea",
"DATANODE_country_4f84f3db-583e-4328-b752-400748f9ea6d",
"DATANODE_date_66ffd7b3-79a8-48a0-b2e8-26ba17a57a0f"
],
"function_name": "preprocess",
"function_module": "__main__",
"output_ids": [
"DATANODE_final_data_768c50ab-f394-4ca0-b815-36157ca5a1fd",
"DATANODE_train_data_200595de-87cb-460b-a3a3-b9d319b05e6f"
]
}