{
"id": "TASK_task_result_6df841d4-6ad2-4a26-bf93-5395419f3385",
"parent_id": "PIPELINE_LinearRegression_28c00a13-20bb-490c-8549-ec13621de08a",
"config_id": "task_result",
"input_ids": [
"DATANODE_final_data_768c50ab-f394-4ca0-b815-36157ca5a1fd",
"DATANODE_predictions_40d98ec4-b651-41f0-8c6c-44312f1dc21d",
"DATANODE_date_66ffd7b3-79a8-48a0-b2e8-26ba17a57a0f"
],
"function_name": "result",
"function_module": "__main__",
"output_ids": [
"DATANODE_result_8d22a334-790d-4852-9c25-043ab53d07e5"
]
}