{
"id": "TASK_task_preprocess_data_1116cf8a-a662-4586-8cfe-854d362476aa",
"parent_id": "SCENARIO_scenario_8dd923e3-8cc1-4c72-b9ea-d8a04f1eaabf",
"config_id": "task_preprocess_data",
"input_ids": [
"DATANODE_initial_data_eb9ca0b7-5d3b-4232-8305-6b6cb723c5ea",
"DATANODE_country_4d3dd78a-43fb-4f88-be81-5bc5542df9f9",
"DATANODE_date_e4860679-87d9-484f-87d7-714b60640b89"
],
"function_name": "preprocess",
"function_module": "__main__",
"output_ids": [
"DATANODE_final_data_ceb3c744-a0ae-4232-8cbf-c0e8ae13045a",
"DATANODE_train_data_e3713710-9615-4499-b896-0146421332a4"
]
}