{
"id": "TASK_task_result_95ba4630-f9f0-4b20-abbb-52280edddc12",
"parent_id": "PIPELINE_LinearRegression_ef38d5c7-dfa0-42a4-8e65-d090c23e8d5e",
"config_id": "task_result",
"input_ids": [
"DATANODE_final_data_fe0dde86-b6ff-4306-b4cf-b454aa869670",
"DATANODE_predictions_b44c6fcb-2ef2-4cf5-96e4-3a52218c3185",
"DATANODE_date_10d42f5e-ce4d-4b2d-b91b-dc9aa3dbdf04"
],
"function_name": "result",
"function_module": "__main__",
"output_ids": [
"DATANODE_result_f53da146-8206-4a3e-a609-2aec19aae85f"
]
}