{
"id": "TASK_task_preprocess_data_e16ec83f-91e6-4016-837c-bccebe6777de",
"parent_id": "SCENARIO_scenario_c15f6a8c-99f8-4b21-88b0-855789ae806c",
"config_id": "task_preprocess_data",
"input_ids": [
"DATANODE_initial_data_eb9ca0b7-5d3b-4232-8305-6b6cb723c5ea",
"DATANODE_country_798d0e05-15d1-454e-94e5-9a28968a607e",
"DATANODE_date_bdbd5063-c72e-4fdb-b13f-be65f99430de"
],
"function_name": "preprocess",
"function_module": "__main__",
"output_ids": [
"DATANODE_final_data_0cb36eaa-5655-448c-b687-60c33a55607b",
"DATANODE_train_data_3af4be9d-f58d-40b9-bc58-b954cca17b4d"
]
}