{
"id": "TASK_task_result_d89952c5-7972-468b-931c-baade96ea05b",
"parent_id": "PIPELINE_LinearRegression_8aac6224-8147-470f-920f-3ed8002cdb28",
"config_id": "task_result",
"input_ids": [
"DATANODE_final_data_441dd188-2f05-4beb-b0c4-df517a91f5c5",
"DATANODE_predictions_8907f26c-9f53-42a3-be3a-8e81dd2a3049",
"DATANODE_date_824a6db7-a54b-419a-b912-c3a3e4c1e08b"
],
"function_name": "result",
"function_module": "__main__",
"output_ids": [
"DATANODE_result_b3a168e6-2469-44ff-ba62-1cadca6610d4"
]
}