{
"id": "DATANODE_initial_dataset_4c6a0cb5-43f1-4a2b-a810-a6b716a20ef8",
"config_id": "initial_dataset",
"scope": "<Scope.GLOBAL: 4>",
"storage_type": "csv",
"name": "DATANODE_initial_dataset_4c6a0cb5-43f1-4a2b-a810-a6b716a20ef8",
"parent_id": null,
"last_edit_date": null,
"job_ids": [],
"cacheable": false,
"validity_days": null,
"validity_seconds": null,
"edit_in_progress": false,
"data_node_properties": {
"path": "core/backend/dataset.csv",
"has_header": true,
"exposed_type": "pandas"
}
}